1,https://github.com/aa-ag/5artists_Angular
2,https://github.com/aa-ag/About_Time
3,https://github.com/aa-ag/astp
4,https://github.com/aa-ag/audiobooks
5,https://github.com/aa-ag/Avengers_Phonebook
6,https://github.com/aa-ag/bicycles_rental
7,https://github.com/aa-ag/bitcoinprice
8,https://github.com/aa-ag/blog
9,https://github.com/aa-ag/calculator
10,https://github.com/aa-ag/camelstuff
11,https://github.com/aa-ag/chatbot
12,https://github.com/aa-ag/clock.js
13,https://github.com/aa-ag/commands
14,https://github.com/aa-ag/cookiescacheclear
15,https://github.com/aa-ag/counting_stuff
16,https://github.com/aa-ag/css-animations
17,https://github.com/aa-ag/CSVstuff
18,https://github.com/aa-ag/dadjokes
19,https://github.com/aa-ag/deleteemails
20,https://github.com/aa-ag/delhistory
21,https://github.com/aa-ag/designing-programs
22,https://github.com/aa-ag/dirtree
23,https://github.com/aa-ag/discrete
24,https://github.com/aa-ag/dmwp
25,https://github.com/aa-ag/domain_data
26,https://github.com/aa-ag/download
27,https://github.com/aa-ag/ds_and_a_projects
28,https://github.com/aa-ag/emc2
29,https://github.com/aa-ag/emptytrash
30,https://github.com/aa-ag/endecrypter
31,https://github.com/aa-ag/f1_stangins
32,https://github.com/aa-ag/filecount
33,https://github.com/aa-ag/fileuploader
34,https://github.com/aa-ag/flaskapi
35,https://github.com/aa-ag/freecodecamp1outof5
36,https://github.com/aa-ag/freecodecamp2outof5
37,https://github.com/aa-ag/freecodecamp3outof5
38,https://github.com/aa-ag/freecodecamp4outof5
39,https://github.com/aa-ag/freecodecamp5outof5
40,https://github.com/aa-ag/fullstack
41,https://github.com/aa-ag/gamapi
42,https://github.com/aa-ag/githubapi
43,https://github.com/aa-ag/googlesearch
44,https://github.com/aa-ag/groomer
45,https://github.com/aa-ag/hangman
46,https://github.com/aa-ag/haystack
47,https://github.com/aa-ag/hofvidz
48,https://github.com/aa-ag/ignoresnippet
49,https://github.com/aa-ag/I_Know_Sports
50,https://github.com/aa-ag/jsprojects
51,https://github.com/aa-ag/JS_funfacts
52,https://github.com/aa-ag/launchurls
53,https://github.com/aa-ag/lol
54,https://github.com/aa-ag/lunchreminder
55,https://github.com/aa-ag/magic8ball
56,https://github.com/aa-ag/markets
57,https://github.com/aa-ag/miniremesh
58,https://github.com/aa-ag/movefiles
59,https://github.com/aa-ag/movie_theater_database
60,https://github.com/aa-ag/nano
61,https://github.com/aa-ag/off
62,https://github.com/aa-ag/passwordcracker
63,https://github.com/aa-ag/passwordgenerator
64,https://github.com/aa-ag/pdfs
65,https://github.com/aa-ag/pg13
66,https://github.com/aa-ag/phcopy
67,https://github.com/aa-ag/phonenums
68,https://github.com/aa-ag/piedpiper
69,https://github.com/aa-ag/piglatintranslator
70,https://github.com/aa-ag/project_roi
71,https://github.com/aa-ag/project_sam
72,https://github.com/aa-ag/pylexa
73,https://github.com/aa-ag/ratings
74,https://github.com/aa-ag/recipes
75,https://github.com/aa-ag/redditclone
76,https://github.com/aa-ag/reformat
77,https://github.com/aa-ag/RESTcountries
78,https://github.com/aa-ag/scraper
79,https://github.com/aa-ag/sec
80,https://github.com/aa-ag/sendemails
81,https://github.com/aa-ag/sentiment
82,https://github.com/aa-ag/signin_final
83,https://github.com/aa-ag/simple-rss-reader
84,https://github.com/aa-ag/slacknot
85,https://github.com/aa-ag/sms
86,https://github.com/aa-ag/sounds
87,https://github.com/aa-ag/spellcheck
88,https://github.com/aa-ag/strongpassword
89,https://github.com/aa-ag/tictactoe
90,https://github.com/aa-ag/todoapp
91,https://github.com/aa-ag/tracephonenumber
92,https://github.com/aa-ag/transcripts
93,https://github.com/aa-ag/udacity
94,https://github.com/aa-ag/uniqueemails
95,https://github.com/aa-ag/urlshortener
96,https://github.com/aa-ag/validurl
97,https://github.com/aa-ag/venmolikeapi
98,https://github.com/aa-ag/viewsbot
99,https://github.com/aa-ag/w2d1py1-3jn
100,https://github.com/aa-ag/w2d2py1-2jn
101,https://github.com/aa-ag/w2d3py1-2jn
102,https://github.com/aa-ag/w2d4py1-2jn
103,https://github.com/aa-ag/w3_1n3_jn
104,https://github.com/aa-ag/w3_d4_regex-project_jn
105,https://github.com/aa-ag/w3_e1-2_jn
106,https://github.com/aa-ag/w3_e1-5_jn
107,https://github.com/aa-ag/w4d2_SQLhomework
108,https://github.com/aa-ag/W4D4_Joins-NestedQueries
109,https://github.com/aa-ag/w4d5_cardealership
110,https://github.com/aa-ag/w5d1_homework
111,https://github.com/aa-ag/w6d1-js
112,https://github.com/aa-ag/w6d2-js
113,https://github.com/aa-ag/w8d1_jn
114,https://github.com/aa-ag/w8_d3_jn
115,https://github.com/aa-ag/weatherApp-React
116,https://github.com/aa-ag/website
117,https://github.com/aa-ag/websiteblocker
118,https://github.com/aa-ag/Week5
119,https://github.com/aa-ag/whatsapp
120,https://github.com/aa-ag/whoisonwifi
121,https://github.com/aa-ag/wifipasswords
122,https://github.com/aa-ag/wifiswitch
123,https://github.com/aa-ag/wordcloud
124,https://github.com/aa-ag/wordcount
125,https://github.com/aa-ag/xmling
126,https://github.com/aa-ag/xmlpar
